id,first_name,last_name,company,job_title
1,Emera,Ubee,Jazzy,Structural Analysis Engineer
2,Kort,Brumwell,Photolist,Occupational Therapist
3,Delmore,Gilffillan,Centidel,Physical Therapy Assistant
4,Pierrette,Everleigh,Brainverse,Automation Specialist I
5,Vivianne,Barron,Ntag,Pharmacist
6,Dennie,Arnason,Zazio,Structural Analysis Engineer
7,Xylina,Rosenbusch,Edgepulse,Tax Accountant
8,Herrick,Dudenie,Eazzy,Quality Control Specialist
9,Lion,Prator,Dabshots,Compensation Analyst
10,Forrest,Conyers,Jetwire,Registered Nurse
